timesteps,mean_cycle_time
16384,118.23872978490327
32768,19.696782063008623
49152,28.382357166519864
65536,32.271034097438886
81920,34.33292644287044
98304,46.73604924056159
114688,68.59715347585642
