{
    "n_layers": 2,
    "n_neurons": 128,
    "n_steps": 16384,
    "batch_size": 512,
    "learning_rate": 0.0003,
    "gamma": 1.0,
    "gae_lambda": 0.8726906492576301,
    "ent_coef": 0.04429657539113244,
    "n_epochs": 20
}