timesteps,mean_cycle_time
8192,55.954353759697554
16384,97.2449178884974
24576,132.3653495754585
32768,92.76136855477964
40960,72.58636608862506
49152,23.037313751610405
